--
-- Database: `nullstein_sbdatabase`
--

-- --------------------------------------------------------

--
-- Dumping data for table `users`
--

INSERT INTO `users` (type, email, password, lastname, firstname, is_enabled, is_pwd_checked, role, is_super_admin, creation_date, modification_date) VALUES
 ('U', 'ose.jose@toto.fr'               , 'AZERTY'              , 'Osé'             , 'José'             , b'1', b'1', 'ROLE_USER'       , NULL, '2023-06-24 20:23:22.000000', '2023-06-24 20:23:22.000000'),
 ('U', 'marie.paul@email.fr'            , 'QWERTZ'              , 'Marie'           , 'Paul'             , b'1', b'1', 'ROLE_USER'       , NULL, '2023-06-24 20:23:22.000000', '2023-06-24 20:23:22.000000'),
 ('A', 'jeffthetek@superbowl.fr'        , 'admin34'             , 'Techos'          , 'Jean-Francois'    , b'1', b'1', 'ROLE_ADMIN'      , b'0', '2023-06-24 20:23:22.000000', '2023-06-24 20:23:22.000000'),
 ('A', 'josethesupertek@superbowl.fr'   , 'superadmin34'        , 'F'               , 'José'             , b'1', b'1', 'ROLE_ADMIN'      , b'1', '2023-06-24 20:23:22.000000', '2023-06-24 20:23:22.000000'),
 ('C', 'csantana@santana.fr'            , 'como_va'             , 'Santana'         , 'Carlos'           , b'1', b'1', 'ROLE_COMMENTATOR', NULL, '2023-06-24 20:23:22.000000', '2023-06-24 20:23:22.000000'),
 ('U', 'john.doe@doedoedoe.fr'          , '1234'                , 'Doe'             , 'John'             , b'1', b'1', 'ROLE_USER'       , NULL, '2023-06-26 11:59:20.310345', '2023-06-26 11:59:20.310411'),
 ('U', 'pierrefeu@jurassic.fr'          , 'silexDu56'           , 'feu'             , 'Pierre'           , b'1', b'1', 'ROLE_USER'       , NULL, '2023-06-26 15:04:50.000000', '2023-06-26 15:04:50.000000'),
 ('U', 'nicolast@fragile.com'           , 'eclatdeverre22'      , 'Toukacé'         , 'Nicolas'          , b'1', b'1', 'ROLE_USER'       , NULL, '2023-06-26 15:04:50.000000', '2023-06-26 15:04:50.000000'),
 ('U', 'p.naure@gmail.com'              , 'silexDu56'           , 'Naure'           , 'Paul'             , b'1', b'1', 'ROLE_USER'       , NULL, '2023-06-26 15:04:50.000000', '2023-06-26 15:04:50.000000'),
 ('U', 'metauda.gilles@free.fr'         , 'silexOf34'           , 'Métauda'         , 'Gilles'           , b'1', b'1', 'ROLE_USER'       , NULL, '2023-06-26 15:12:04.000000', '2023-06-26 15:12:04.000000'),
 ('U', 'pmz@gmail.fr'                   , 'jAimePasm0nPr3nom'   , 'Z'               , 'Philippe-Mouloud' , b'1', b'1', 'ROLE_USER'       , NULL, '2023-06-26 15:12:04.000000', '2023-06-26 15:12:04.000000'),
 ('U', 'francois1er@yoohoo.fr'          , 'JeSuisNiRoiNiM1nitre', 'Premier'         , 'Francois'         , b'1', b'1', 'ROLE_USER'       , NULL, '2023-06-26 15:12:04.000000', '2023-06-26 15:12:04.000000'),
 ('U', 'louisxiv@verslinfinietaudela.fr', 'LouisXIV'            , 'Quatorze'        , 'Louis'            , b'1', b'1', 'ROLE_USER'       , NULL, '2023-06-26 15:12:04.000000', '2023-06-26 15:12:04.000000'),
 ('U', 'nicolenicklous@free.fr'         , 'tournevis62'         , 'Nicklous'        , 'Nicole'           , b'1', b'1', 'ROLE_USER'       , NULL, '2023-06-26 15:12:04.000000', '2023-06-26 15:12:04.000000'),
 ('A', 'tony@free.fr'                   , '4321'                , 'Admin'           , 'Tony'             , b'1', b'1', 'ROLE_ADMIN'      , NULL, '2023-06-26 15:12:04.000000', '2023-06-26 15:12:04.000000'),
 ('C', 'albert2@sb.com'                 , '0987'                , 'Deuxieme'        , 'Albert'           , b'1', b'1', 'ROLE_COMMENTATOR', NULL, '2023-06-26 15:12:04.000000', '2023-06-26 15:12:04.000000');

-- --------------------------------------------------------

--
-- Dumping data for table `countries`
--

INSERT INTO `countries` (`id`, `name`) VALUES
( 1, 'Massachusetts'),
( 2, 'Colorado'),
( 3, 'South Carolina'),
( 4, 'Tennessee'),
( 5, 'Arizona'),
( 6, 'Nebraska'),
( 7, 'Pennsylvania'),
( 8, 'Missouri'),
( 9, 'NewYork'),
(10, 'country_test');

-- --------------------------------------------------------

--
-- Dumping data for table `teams`
--
INSERT INTO `teams` (id, name, country_id, creation_date, modification_date) VALUE
    ( 1, 'Les chaussettes de Boston'                  , 1, '2023-06-24 20:23:22.000000', NOW() ),
    ( 2, 'Les Dino perdus de Denver'                  , 2, '2023-06-24 20:23:22.000000', NOW() ),
    ( 3, 'Les sirènes poilues d\'Atlanta'             , 6, '2023-06-24 20:23:22.000000', NOW() ),
    ( 4, 'Les canniches vaudous endormis de Nashville', 4, '2023-06-24 20:23:22.000000', NOW() ),
    ( 5, 'Les castors farcis de Phoenix'              , 5, '2023-06-24 20:23:22.000000', NOW() ),
    ( 6, 'Les framboises maudites de Omaha'           , 3, '2023-06-24 20:23:22.000000', NOW() ),
    ( 7, 'Les sécateurs sectaires de Philadelphie'    , 7, '2023-06-25 13:40:32.150292', NOW() ),
    ( 8, 'New Team'                                   , 8, '2023-06-25 13:41:49.295950', NOW() ),
    ( 9, 'Updated team'                               , 9, '2023-06-25 14:24:03.741012', NOW() ),
    (10, 'Nouvelle équipe test'                       ,10, '2023-06-25 17:44:24.145032', NOW() );

--
-- Dumping data for table `players`
--
INSERT INTO `players` (id, lastname, firstname, number, team_id, creation_date, modification_date) VALUES
( 1, 'Feuille'       , 'Jimmy'     ,  1, 1, '2023-06-24 20:23:22.000000',  NOW() ),
( 2, 'Bulsara'       , 'Farrokh'   ,  1, 2, '2023-06-24 20:23:22.000000',  NOW() ),
( 3, 'Bonne Ame'     , 'John'      ,  2, 1, '2023-06-24 20:23:22.000000',  NOW() ),
( 4, 'Centrale'      , 'Robert'    ,  3, 1, '2023-06-24 20:23:22.000000',  NOW() ),
( 5, 'Jaune'         , 'Jean-Paul' ,  4, 1, '2023-06-24 20:23:22.000000',  NOW() ),
( 6, 'Seigneur'      , 'Jean'      ,  1, 6, '2023-06-24 20:23:22.000000',  NOW() ),
( 7, 'Pluskenoir'    , 'Richard'   , 21, 6, '2023-06-24 20:23:22.000000',  NOW() ),
( 8, 'Legantier'     , 'Roger'     , 53, 6, '2023-06-24 20:23:22.000000',  NOW() ),
( 9, 'Peste'         , 'Yann'      , 42, 6, '2023-06-26 00:29:19.000000',  NOW() ),
(10, 'Gilet'         , 'Yann'      ,  5, 6, '2023-06-26 00:29:51.000000',  NOW() ),
(11, 'Tailleur'      , 'Roger'     ,  5, 2, '2023-06-24 20:23:22.000000',  NOW() ),
(12, 'Avril'         , 'Phil'      , 15, 2, '2023-06-24 20:23:22.000000',  NOW() ),
(13, 'Déconne'       , 'Jean'      , 23, 2, '2023-06-24 20:23:22.000000',  NOW() ),
(14, 'Merlu'         , 'Philippe'  ,  1, 3, '2023-06-24 20:23:22.000000',  NOW() ),
(15, 'Mathy'         , 'Pierre'    ,  1, 3, '2023-06-24 20:23:22.000000',  NOW() ),
(16, 'Maison'        , 'Nicolas'   ,  1, 4, '2023-06-24 20:23:22.000000',  NOW() ),
(17, 'Gilmour'       , 'David'     , 21, 4, '2023-06-24 20:23:22.000000',  NOW() ),
(18, 'Eaux'          , 'Roger'     , 53, 4, '2023-06-24 20:23:22.000000',  NOW() ),
(19, 'Mauvais'       , 'Richard'   , 42, 4, '2023-06-26 00:29:19.000000',  NOW() ),
(20, 'Barrette'      , 'Cyprien'   ,  5, 4, '2023-06-26 00:29:51.000000',  NOW() ),
(21, 'McLife'        , 'Jean'      ,  5, 5, '2023-06-24 20:23:22.000000',  NOW() ),
(22, 'Nicolas'       , 'Steve'     , 15, 5, '2023-06-24 20:23:22.000000',  NOW() ),
(23, 'Elysée'        , 'Sandy'     , 23, 5, '2023-06-24 20:23:22.000000',  NOW() ),
(24, 'Bois-Flottant' , 'Michael'   ,  1, 5, '2023-06-24 20:23:22.000000',  NOW() ),
(25, 'Vert'          , 'Pierre'    ,  1, 5, '2023-06-24 20:23:22.000000',  NOW() ),
(26, 'McLife'        , 'Christ'    ,  1, 5, '2023-06-24 20:23:22.000000',  NOW() ),
(27, 'Baroblic'      , ''          , 21, 7, '2023-06-24 20:23:22.000000',  NOW() ),
(28, 'Begonia'       , 'Axel'      , 53, 7, '2023-06-24 20:23:22.000000',  NOW() ),
(29, 'Lit'           , 'Dédé'      , 42, 7, '2023-06-26 00:29:19.000000',  NOW() ),
(30, 'La béquille'   , 'EZ'        ,  5, 7, '2023-06-26 00:29:51.000000',  NOW() );




-- --------------------------------------------------------



-- --------------------------------------------------------
--
-- Dumping data for table `matches`
--
INSERT INTO `matches` (team_a_id, team_b_id, start_date, end_date, odds_a, odds_b, score_a, score_b, status, weather, is_enabled, creation_date, modification_date) VALUES
( 1, 2, '2023-06-28 13:00:00.000000', '2023-06-28 14:00:00.000000',  1.2,  2.5, 22, 10, 'GAME_OVER'         , 'WEATHER_SNOW' , b'1', '2023-06-26 01:14:38.000000', '2023-06-26 01:14:38.000000' ),
( 3, 4, '2023-06-28 15:00:00.000000', '2023-06-28 16:00:00.000000',  2.8, 1.15, 11, 26, 'GAME_OVER'         , 'WEATHER_SNOW' , b'1', '2023-06-26 01:30:27.000000', '2023-06-26 01:30:27.000000' ),
( 5, 6, '2023-06-28 17:00:00.000000', '2023-06-28 18:00:00.000000',  1.4,  1.3, 17, 17, 'GAME_OVER'         , 'WEATHER_SNOW' , b'1', '2023-06-26 01:31:57.000000', '2023-06-26 01:31:57.000000' ),
( 7, 8, '2023-06-26 19:00:00.000000', '2023-06-26 20:00:00.000000',  1.2,  2.4, 24, 21, 'GAME_OVER'         , 'WEATHER_RAIN' , b'1', '2023-06-26 01:31:57.000000', '2023-06-26 01:31:57.000000' ),
( 9,10, '2023-06-28 13:00:00.000000', '2023-06-28 14:00:00.000000',  1.2,  2.5, 26, 24, 'GAME_OVER'         , 'WEATHER_RAIN' , b'1', '2023-06-26 01:14:38.000000', '2023-06-26 01:14:38.000000' ),
( 1, 2, '2023-06-28 13:00:00.000000', '2023-06-28 14:00:00.000000',  1.2,  2.5, 22, 10, 'GAME_OVER'         , 'WEATHER_SNOW' , b'1', '2023-06-26 01:14:38.000000', '2023-06-26 01:14:38.000000' ),
( 3, 4, '2023-06-28 15:00:00.000000', '2023-06-28 16:00:00.000000',  2.8, 1.15, 11, 26, 'GAME_OVER'         , 'WEATHER_SNOW' , b'1', '2023-06-26 01:30:27.000000', '2023-06-26 01:30:27.000000' ),
( 5, 6, '2023-06-28 17:00:00.000000', '2023-06-28 18:00:00.000000',  1.4,  1.3, 17, 17, 'GAME_OVER'         , 'WEATHER_SNOW' , b'1', '2023-06-26 01:31:57.000000', '2023-06-26 01:31:57.000000' ),
( 7, 8, '2023-06-28 19:00:00.000000', '2023-06-28 20:00:00.000000',  1.2,  2.4, 24, 21, 'GAME_OVER'         , 'WEATHER_RAIN' , b'1', '2023-06-26 01:31:57.000000', '2023-06-26 01:31:57.000000' ),
( 9,10, '2023-06-29 13:00:00.000000', '2023-06-29 14:00:00.000000',  1.2,  2.5, 26, 24, 'GAME_OVER'         , 'WEATHER_RAIN' , b'1', '2023-06-26 01:14:38.000000', '2023-06-26 01:14:38.000000' ),
( 1, 2, '2023-06-29 13:00:00.000000', '2023-06-29 14:00:00.000000',  1.2,  2.5, 22, 10, 'GAME_OVER'         , 'WEATHER_SNOW' , b'1', '2023-06-26 01:14:38.000000', '2023-06-26 01:14:38.000000' ),
( 3, 4, '2023-06-29 15:00:00.000000', '2023-06-29 16:00:00.000000',  2.8, 1.15, 11, 26, 'GAME_OVER'         , 'WEATHER_SNOW' , b'1', '2023-06-26 01:30:27.000000', '2023-06-26 01:30:27.000000' ),
( 5, 6, '2023-06-29 17:00:00.000000', '2023-06-29 18:00:00.000000',  1.4,  1.3, 17, 17, 'GAME_OVER'         , 'WEATHER_SNOW' , b'1', '2023-06-26 01:31:57.000000', '2023-06-26 01:31:57.000000' ),
( 7, 8, '2023-06-29 19:00:00.000000', '2023-06-29 20:00:00.000000',  1.2,  2.4, 24, 21, 'GAME_OVER'         , 'WEATHER_RAIN' , b'1', '2023-06-26 01:31:57.000000', '2023-06-26 01:31:57.000000' ),
( 9,10, '2023-06-30 13:00:00.000000', '2023-06-30 14:00:00.000000',  1.2,  2.5, 26, 24, 'GAME_OVER'         , 'WEATHER_RAIN' , b'1', '2023-06-26 01:14:38.000000', '2023-06-26 01:14:38.000000' ),
( 1, 2, '2023-06-30 13:00:00.000000', '2023-06-30 14:00:00.000000',  1.2,  2.5, 22, 10, 'GAME_OVER'         , 'WEATHER_SNOW' , b'1', '2023-06-26 01:14:38.000000', '2023-06-26 01:14:38.000000' ),
( 3, 4, '2023-06-30 15:00:00.000000', '2023-06-30 16:00:00.000000',  2.8, 1.15, 11, 26, 'GAME_OVER'         , 'WEATHER_SNOW' , b'1', '2023-06-26 01:30:27.000000', '2023-06-26 01:30:27.000000' ),
( 5, 6, '2023-06-30 17:00:00.000000', '2023-06-30 18:00:00.000000',  1.4,  1.3, 17, 17, 'GAME_OVER'         , 'WEATHER_SNOW' , b'1', '2023-06-26 01:31:57.000000', '2023-06-26 01:31:57.000000' ),
( 7, 8, '2023-06-30 19:00:00.000000', '2023-06-30 20:00:00.000000',  1.2,  2.4, 24, 21, 'GAME_OVER'         , 'WEATHER_RAIN' , b'1', '2023-06-26 01:31:57.000000', '2023-06-26 01:31:57.000000' ),
( 9,10, '2023-07-01 13:00:00.000000', '2023-07-01 14:00:00.000000',  1.2,  2.5, 26, 24, 'GAME_OVER'         , 'WEATHER_RAIN' , b'1', '2023-06-26 01:14:38.000000', '2023-06-26 01:14:38.000000' ),
( 1, 2, '2023-07-01 13:00:00.000000', '2023-07-01 14:00:00.000000',  1.2,  2.5, 22, 10, 'GAME_OVER'         , 'WEATHER_SNOW' , b'1', '2023-06-26 01:14:38.000000', '2023-06-26 01:14:38.000000' ),
( 3, 4, '2023-07-01 15:00:00.000000', '2023-07-01 16:00:00.000000',  2.8, 1.15, 11, 26, 'GAME_OVER'         , 'WEATHER_SNOW' , b'1', '2023-06-26 01:30:27.000000', '2023-06-26 01:30:27.000000' ),
( 5, 6, '2023-07-01 17:00:00.000000', '2023-07-01 18:00:00.000000',  1.4,  1.3, 17, 17, 'GAME_OVER'         , 'WEATHER_SNOW' , b'1', '2023-06-26 01:31:57.000000', '2023-06-26 01:31:57.000000' ),
( 7, 8, '2023-07-01 19:00:00.000000', '2023-07-01 20:00:00.000000',  1.2,  2.4, 24, 21, 'GAME_OVER'         , 'WEATHER_RAIN' , b'1', '2023-06-26 01:31:57.000000', '2023-06-26 01:31:57.000000' ),
( 9,10, '2023-07-03 13:00:00.000000', '2023-07-03 14:00:00.000000',  1.2,  2.5, 26, 24, 'GAME_OVER'         , 'WEATHER_RAIN' , b'1', '2023-06-26 01:14:38.000000', '2023-06-26 01:14:38.000000' ),
( 1, 2, '2023-07-03 13:00:00.000000', '2023-07-03 14:00:00.000000',  1.2,  2.5, 22, 10, 'GAME_OVER'         , 'WEATHER_SNOW' , b'1', '2023-06-26 01:14:38.000000', '2023-06-26 01:14:38.000000' ),
( 3, 4, '2023-07-03 15:00:00.000000', '2023-07-03 16:00:00.000000',  2.8, 1.15, 11, 26, 'GAME_OVER'         , 'WEATHER_SNOW' , b'1', '2023-06-26 01:30:27.000000', '2023-06-26 01:30:27.000000' ),
( 5, 6, '2023-07-03 17:00:00.000000', '2023-07-03 18:00:00.000000',  1.4,  1.3, 17, 17, 'GAME_OVER'         , 'WEATHER_SNOW' , b'1', '2023-06-26 01:31:57.000000', '2023-06-26 01:31:57.000000' ),
( 7, 8, '2023-07-03 19:00:00.000000', '2023-07-03 20:00:00.000000',  1.2,  2.4, 24, 21, 'GAME_OVER'         , 'WEATHER_RAIN' , b'1', '2023-06-26 01:31:57.000000', '2023-06-26 01:31:57.000000' ),
( 9,10, '2023-07-04 13:00:00.000000', '2023-07-04 14:00:00.000000',  1.2,  2.5, 26, 24, 'GAME_OVER'         , 'WEATHER_RAIN' , b'1', '2023-06-26 01:14:38.000000', '2023-06-26 01:14:38.000000' ),
( 1, 2, '2023-07-04 13:00:00.000000', '2023-07-04 14:00:00.000000',  1.2,  2.5, 22, 10, 'GAME_OVER'         , 'WEATHER_SNOW' , b'1', '2023-06-26 01:14:38.000000', '2023-06-26 01:14:38.000000' ),
( 3, 4, '2023-07-04 15:00:00.000000', '2023-07-04 16:00:00.000000',  2.8, 1.15, 11, 26, 'GAME_OVER'         , 'WEATHER_SNOW' , b'1', '2023-06-26 01:30:27.000000', '2023-06-26 01:30:27.000000' ),
( 5, 6, '2023-07-04 17:00:00.000000', '2023-07-04 18:00:00.000000',  1.4,  1.3, 17, 17, 'GAME_OVER'         , 'WEATHER_SNOW' , b'1', '2023-06-26 01:31:57.000000', '2023-06-26 01:31:57.000000' ),
( 7, 8, '2023-07-04 19:00:00.000000', '2023-07-04 20:00:00.000000',  1.2,  2.4, 24, 21, 'GAME_OVER'         , 'WEATHER_RAIN' , b'1', '2023-06-26 01:31:57.000000', '2023-06-26 01:31:57.000000' ),
( 9,10, '2023-07-05 13:00:00.000000', '2023-07-05 14:00:00.000000',  1.2,  2.5, 26, 24, 'GAME_OVER'         , 'WEATHER_RAIN' , b'1', '2023-06-26 01:14:38.000000', '2023-06-26 01:14:38.000000' ),
( 1, 2, '2023-07-05 13:00:00.000000', '2023-07-05 14:00:00.000000',  1.2,  2.5, 22, 10, 'GAME_OVER'         , 'WEATHER_SNOW' , b'1', '2023-06-26 01:14:38.000000', '2023-06-26 01:14:38.000000' ),
( 3, 4, '2023-07-05 15:00:00.000000', '2023-07-05 16:00:00.000000',  2.8, 1.15, 11, 26, 'GAME_OVER'         , 'WEATHER_SNOW' , b'1', '2023-06-26 01:30:27.000000', '2023-06-26 01:30:27.000000' ),
( 5, 6, '2023-07-05 17:00:00.000000', '2023-07-05 18:00:00.000000',  1.4,  1.3, 17, 17, 'GAME_OVER'         , 'WEATHER_SNOW' , b'1', '2023-06-26 01:31:57.000000', '2023-06-26 01:31:57.000000' ),
( 7, 8, '2023-07-05 19:00:00.000000', '2023-07-05 20:00:00.000000',  1.2,  2.4, 24, 21, 'GAME_OVER'         , 'WEATHER_RAIN' , b'1', '2023-06-26 01:31:57.000000', '2023-06-26 01:31:57.000000' ),
( 9,10, '2023-07-07 13:00:00.000000', '2023-07-07 14:00:00.000000',  1.2,  2.5, 26, 24, 'GAME_OVER'         , 'WEATHER_RAIN' , b'1', '2023-06-26 01:14:38.000000', '2023-06-26 01:14:38.000000' ),
( 1, 2, '2023-07-07 13:00:00.000000', '2023-07-07 14:00:00.000000',  1.2,  2.5, 22, 10, 'GAME_OVER'         , 'WEATHER_SNOW' , b'1', '2023-06-26 01:14:38.000000', '2023-06-26 01:14:38.000000' ),
( 3, 4, '2023-07-07 15:00:00.000000', '2023-07-07 16:00:00.000000',  2.8, 1.15, 11, 26, 'GAME_OVER'         , 'WEATHER_SNOW' , b'1', '2023-06-26 01:30:27.000000', '2023-06-26 01:30:27.000000' ),
( 5, 6, '2023-07-07 17:00:00.000000', '2023-07-07 18:00:00.000000',  1.4,  1.3, 17, 17, 'GAME_OVER'         , 'WEATHER_SNOW' , b'1', '2023-06-26 01:31:57.000000', '2023-06-26 01:31:57.000000' ),
( 7, 8, '2023-07-07 19:00:00.000000', '2023-07-07 20:00:00.000000',  1.2,  2.4, 24, 21, 'GAME_OVER'         , 'WEATHER_RAIN' , b'1', '2023-06-26 01:31:57.000000', '2023-06-26 01:31:57.000000' ),
( 9,10, '2023-07-08 13:00:00.000000', '2023-07-08 14:00:00.000000',  1.2,  2.5, 26, 24, 'GAME_OVER'         , 'WEATHER_RAIN' , b'1', '2023-06-26 01:14:38.000000', '2023-06-26 01:14:38.000000' ),
( 1, 2, '2023-07-08 13:00:00.000000', '2023-07-08 14:00:00.000000',  1.2,  2.5, 22, 10, 'GAME_OVER'         , 'WEATHER_SNOW' , b'1', '2023-06-26 01:14:38.000000', '2023-06-26 01:14:38.000000' ),
( 3, 4, '2023-07-08 15:00:00.000000', '2023-07-08 16:00:00.000000',  2.8, 1.15, 11, 26, 'GAME_OVER'         , 'WEATHER_SNOW' , b'1', '2023-06-26 01:30:27.000000', '2023-06-26 01:30:27.000000' ),
( 5, 6, '2023-07-08 17:00:00.000000', '2023-07-08 18:00:00.000000',  1.4,  1.3, 17, 17, 'GAME_OVER'         , 'WEATHER_SNOW' , b'1', '2023-06-26 01:31:57.000000', '2023-06-26 01:31:57.000000' ),
( 7, 8, '2023-07-08 19:00:00.000000', '2023-07-08 20:00:00.000000',  1.2,  2.4, 24, 21, 'GAME_OVER'         , 'WEATHER_RAIN' , b'1', '2023-06-26 01:31:57.000000', '2023-06-26 01:31:57.000000' ),
( 9,10, '2023-07-09 13:00:00.000000', '2023-07-09 14:00:00.000000',  1.2,  2.5, 26, 24, 'GAME_OVER'         , 'WEATHER_RAIN' , b'1', '2023-06-26 01:14:38.000000', '2023-06-26 01:14:38.000000' ),
( 1, 2, '2023-07-09 13:00:00.000000', '2023-07-09 14:00:00.000000',  1.2,  2.5, 22, 10, 'GAME_OVER'         , 'WEATHER_SNOW' , b'1', '2023-06-26 01:14:38.000000', '2023-06-26 01:14:38.000000' ),
( 3, 4, '2023-07-09 15:00:00.000000', '2023-07-09 16:00:00.000000',  2.8, 1.15, 11, 26, 'GAME_OVER'         , 'WEATHER_SNOW' , b'1', '2023-06-26 01:30:27.000000', '2023-06-26 01:30:27.000000' ),
( 5, 6, '2023-07-09 17:00:00.000000', '2023-07-09 18:00:00.000000',  1.4,  1.3, 17, 17, 'GAME_OVER'         , 'WEATHER_SNOW' , b'1', '2023-06-26 01:31:57.000000', '2023-06-26 01:31:57.000000' ),
( 7, 8, '2023-07-09 19:00:00.000000', '2023-07-09 20:00:00.000000',  1.2,  2.4, 24, 21, 'GAME_OVER'         , 'WEATHER_RAIN' , b'1', '2023-06-26 01:31:57.000000', '2023-06-26 01:31:57.000000' ),
( 9,10, '2023-07-10 13:00:00.000000', '2023-07-10 14:00:00.000000',  1.2,  2.5, 26, 24, 'GAME_OVER'         , 'WEATHER_RAIN' , b'1', '2023-06-26 01:14:38.000000', '2023-06-26 01:14:38.000000' ),
( 1, 2, '2023-07-10 13:00:00.000000', '2023-07-10 14:00:00.000000',  1.2,  2.5, 22, 10, 'GAME_OVER'         , 'WEATHER_SNOW' , b'1', '2023-06-26 01:14:38.000000', '2023-06-26 01:14:38.000000' ),
( 3, 4, '2023-07-10 15:00:00.000000', '2023-07-10 16:00:00.000000',  2.8, 1.15, 11, 26, 'GAME_OVER'         , 'WEATHER_SNOW' , b'1', '2023-06-26 01:30:27.000000', '2023-06-26 01:30:27.000000' ),
( 5, 6, '2023-07-10 17:00:00.000000', '2023-07-10 18:00:00.000000',  1.4,  1.3, 17, 17, 'GAME_OVER'         , 'WEATHER_SNOW' , b'1', '2023-06-26 01:31:57.000000', '2023-06-26 01:31:57.000000' ),
( 7, 8, '2023-07-10 19:00:00.000000', '2023-07-10 20:00:00.000000',  1.2,  2.4, 24, 21, 'GAME_OVER'         , 'WEATHER_RAIN' , b'1', '2023-06-26 01:31:57.000000', '2023-06-26 01:31:57.000000' ),
( 9,10, '2023-07-11 13:00:00.000000', '2023-07-11 14:00:00.000000',  1.2,  2.5, 26, 24, 'GAME_OVER'         , 'WEATHER_RAIN' , b'1', '2023-06-26 01:14:38.000000', '2023-06-26 01:14:38.000000' ),
( 1, 2, '2023-07-11 13:00:00.000000', '2023-07-11 14:00:00.000000',  1.2,  2.5, 22, 10, 'GAME_OVER'         , 'WEATHER_SNOW' , b'1', '2023-06-26 01:14:38.000000', '2023-06-26 01:14:38.000000' ),
( 3, 4, '2023-07-11 15:00:00.000000', '2023-07-11 16:00:00.000000',  2.8, 1.15, 11, 26, 'GAME_OVER'         , 'WEATHER_SNOW' , b'1', '2023-06-26 01:30:27.000000', '2023-06-26 01:30:27.000000' ),
( 5, 6, '2023-07-11 17:00:00.000000', '2023-07-11 18:00:00.000000',  1.4,  1.3, 17, 17, 'GAME_OVER'         , 'WEATHER_SNOW' , b'1', '2023-06-26 01:31:57.000000', '2023-06-26 01:31:57.000000' ),
( 7, 8, '2023-07-11 19:00:00.000000', '2023-07-11 20:00:00.000000',  1.2,  2.4, 24, 21, 'GAME_OVER'         , 'WEATHER_RAIN' , b'1', '2023-06-26 01:31:57.000000', '2023-06-26 01:31:57.000000' ),
( 9,10, '2023-07-12 13:00:00.000000', '2023-07-12 14:00:00.000000',  1.2,  2.5, 26, 24, 'GAME_OVER'         , 'WEATHER_RAIN' , b'1', '2023-06-26 01:14:38.000000', '2023-06-26 01:14:38.000000' ),
( 4, 3, '2023-07-12 15:00:00.000000', '2023-07-12 16:00:00.000000',  2.8, 1.15, NULL, NULL, 'GAME_CANCELLED'    , 'WEATHER_CLOUD', b'1', '2023-06-26 01:30:27.000000', '2023-06-26 01:30:27.000000' ),
( 4, 6, DATE_SUB(NOW(), INTERVAL 1 DAY), DATE_SUB( DATE_ADD(NOW(),INTERVAL 1 HOUR), INTERVAL 1 DAY),  1.4,  1.3, 21, 20, 'GAME_OVER'         , 'WEATHER_RAIN' , b'1', '2023-06-26 01:31:57.000000', '2023-06-26 01:31:57.000000' ),
( 2, 6, DATE_SUB(NOW(), INTERVAL 12 HOUR), DATE_SUB(NOW(), INTERVAL 11 HOUR),  1.2,  2.4, 22, 12, 'GAME_OVER'         , 'WEATHER_CLOUD', b'1', '2023-06-26 01:31:57.000000', '2023-06-26 01:31:57.000000' ),
( 4, 8, DATE_SUB(NOW(), INTERVAL 10 HOUR), DATE_SUB(NOW(), INTERVAL 9 HOUR),  1.2,  2.5, 25, 13, 'GAME_OVER'         , 'WEATHER_RAIN' , b'1', '2023-06-26 01:14:38.000000', '2023-06-26 01:14:38.000000' ),
( 5, 3, DATE_SUB(NOW(), INTERVAL 8 HOUR), DATE_SUB(NOW(), INTERVAL 7 HOUR),  2.8, 1.15, 3, 72, 'GAME_OVER', 'WEATHER_SUN'  , b'1', '2023-06-26 01:30:27.000000', '2023-06-26 01:30:27.000000' ),
( 6, 8, DATE_SUB(NOW(), INTERVAL 6 HOUR), DATE_SUB(NOW(), INTERVAL 5 HOUR),  1.4,  1.3, 31, 7, 'GAME_OVER', 'WEATHER_CLOUD', b'1', '2023-06-26 01:31:57.000000', '2023-06-26 01:31:57.000000' ),
( 5, 7, DATE_SUB(NOW(), INTERVAL 4 HOUR), DATE_SUB(NOW(), INTERVAL 3 HOUR),  1.2,  2.4, 14, 18, 'GAME_OVER', 'WEATHER_CLOUD', b'1', '2023-06-26 01:31:57.000000', '2023-06-26 01:31:57.000000' ),
( 4, 2, DATE_SUB(NOW(), INTERVAL 2 HOUR), DATE_SUB(NOW(), INTERVAL 1 HOUR),  1.2,  2.5, 17, 22, 'GAME_OVER', 'WEATHER_SUN'  , b'1', '2023-06-26 01:14:38.000000', '2023-06-26 01:14:38.000000' ),
( 1, 3, DATE_SUB(NOW(), INTERVAL 1 MINUTE), DATE_ADD(NOW(),INTERVAL 1 HOUR),  2.8, 1.15, NULL, NULL, 'GAME_STARTED'      , 'WEATHER_CLOUD', b'1', '2023-06-26 01:30:27.000000', '2023-06-26 01:30:27.000000' ),
( 4, 6, DATE_ADD(NOW(),INTERVAL 1 HOUR), DATE_ADD(NOW(),INTERVAL 2 HOUR),  1.4,  1.3, NULL, NULL, 'GAME_NOT_STARTED'  , 'WEATHER_SUN'  , b'1', '2023-06-26 01:31:57.000000', '2023-06-26 01:31:57.000000' ),
( 2, 6, DATE_ADD(NOW(),INTERVAL 3 HOUR), DATE_ADD(NOW(),INTERVAL 4 HOUR),  1.2,  2.4, NULL, NULL, 'GAME_NOT_STARTED'  , 'WEATHER_CLOUD', b'1', '2023-06-26 01:31:57.000000', '2023-06-26 01:31:57.000000' ),
( 4, 2, DATE_ADD(NOW(),INTERVAL 5 HOUR), DATE_ADD(NOW(),INTERVAL 6 HOUR),  1.2,  2.5, NULL, NULL, 'GAME_NOT_STARTED'  , 'WEATHER_SUN'  , b'1', '2023-06-26 01:14:38.000000', '2023-06-26 01:14:38.000000' ),
( 4, 3, DATE_ADD(NOW(),INTERVAL 7 HOUR), DATE_ADD(NOW(),INTERVAL 8 HOUR),  2.8, 1.15, NULL, NULL, 'GAME_NOT_STARTED'  , 'WEATHER_CLOUD', b'1', '2023-06-26 01:30:27.000000', '2023-06-26 01:30:27.000000' ),
( 4, 6, DATE_ADD(NOW(),INTERVAL 9 HOUR), DATE_ADD(NOW(),INTERVAL 10 HOUR), 1.8, 1.4,NULL, NULL, 'GAME_NOT_STARTED'  , 'WEATHER_SUN'  , b'1', '2023-06-26 01:31:57.000000', '2023-06-26 01:31:57.000000' ),
( 2, 6, DATE_ADD(NOW(),INTERVAL 11 HOUR), DATE_ADD(NOW(),INTERVAL 12 HOUR),  NULL,  NULL, NULL, NULL, 'GAME_NOT_SCHEDULED'  , 'WEATHER_SUN'  , b'1', '2023-06-26 01:31:57.000000', '2023-06-26 01:31:57.000000' );

-- --------------------------------------------------------

--
-- Dumping data for table `bets`
--
INSERT INTO `bets` (id, match_id, wager, final_odds, bet_status, creation_date, modification_date) VALUES
(1,  1,  10, 1.45, 'BET_LOSER', '2023-06-24 20:30:00.000000', '2023-06-24 21:30:00.000000'),
(2,  1, 100,  2.1, 'BET_WINNER', '2023-06-26 13:00:00.000000', '2023-06-26 14:00:00.000000'),
(3,  1,  50,  2.3, 'BET_LOSER', '2023-06-26 15:00:00.000000', '2023-06-26 16:00:00.000000'),
(4,  2,  10,  1.3, 'BET_LOSER', '2023-06-26 17:00:00.000000', '2023-06-26 18:00:00.000000'),
(5,  2,  40,  2.5, 'BET_WINNER', '2023-06-26 19:00:00.000000', '2023-06-26 20:00:00.000000'),
(6,  2, 100,  2.3, 'BET_LOSER', '2023-06-27 14:00:00.000000', '2023-06-26 15:00:00.000000'),
(7,  3,  50,  2.1, 'BET_WINNER', '2023-06-27 15:00:00.000000', '2023-06-26 16:00:00.000000'),
(8,  3,  50,  2.1, 'BET_OPENED', '2023-06-27 17:00:00.000000', '2023-06-26 18:00:00.000000'),
(9,  3,  75,  2.3, 'BET_WINNER', '2023-06-27 19:00:00.000000', '2023-06-26 20:00:00.000000'),
(10, 3, 100,  2.1, 'BET_OPENED', '2023-06-28 13:00:00.000000', '2023-06-28 13:00:00.000000'),
(11, 3,  50,  2.2, 'BET_OPENED', '2023-06-28 15:00:00.000000', '2023-06-28 15:00:00.000000'),
(12,  4, 100,  2.1, 'BET_CANCELLED', '2023-06-28 19:00:00.000000', NOW()),
(13,  4,  50,  2.3, 'BET_CANCELLED', '2023-06-28 19:22:00.000000', NOW()),
(14,  4,  10,  1.3, 'BET_CANCELLED', '2023-06-28 19:23:00.000000', NOW()),
(15,  2,  40,  2.5, 'BET_OPENED', NOW(), NOW()),
(16,  2, 100,  2.3, 'BET_OPENED', NOW(), NOW()),
(17,  3,  50,  2.1, 'BET_OPENED', NOW(), NOW()),
(18,  3,  50,  2.1, 'BET_OPENED', NOW(), NOW()),
(19,  3,  75,  2.3, 'BET_OPENED', NOW(), NOW()),
(20, 3, 100,  2.1, 'BET_OPENED', NOW(), NOW()),
(21, 3,  50,  2.2, 'BET_OPENED', NOW(), NOW());


-- --------------------------------------------------------

--
-- Dumping data for table `users_bets`
--

INSERT INTO `users_bets` (`user_id`, `bet_id`) VALUES
(  1,  1),
(  2,  2),
(  2,  3),
( 10,  4),
( 10,  5),
( 10,  6),
(  6,  7),
( 14,  8),
( 14,  9),
(  1, 10),
(  6, 11),
(  7, 12),
(  7, 13),
(  7, 14),
(  8, 15),
(  9, 16),
(  9, 18),
( 10, 19),
( 10, 20);


INSERT INTO comments ( match_id , commentator_user_id , post_content , post_date , edit_date )
VALUES
    (1, 16, 'Le match commence. C\'est la toute première rencontre de ce Superbowl.'                    , '2023-06-28 13:01:00.000000', '2023-06-28 13:01:00.000000'),
    (1, 16, 'Coup d\'envoi'                                                                             , '2023-06-28 13:02:00.000000', '2023-06-28 13:02:00.000000'),
    (1, 16, 'Superbe départ des Dinos perdus'                                                           , '2023-06-28 13:08:00.000000', '2023-06-28 13:08:00.000000'),
    (1, 16, 'Belle action collective ici !'                                                             , '2023-06-28 13:11:00.000000', '2023-06-28 13:11:00.000000'),
    (1, 16, 'Woahou quel blocage de l\'offensive guard'                                                 , '2023-06-28 13:11:25.000000', '2023-06-28 13:11:25.000000'),
    (1, 16, 'Touch down, il fallait s\'y attendre après une telle contre-offensive'                     , '2023-06-28 13:12:00.000000', '2023-06-28 13:12:00.000000'),
    (1, 16, 'Encore une belle offensive des Dinos'                                                      , '2023-06-28 13:15:00.000000', '2023-06-28 13:15:00.000000'),
    (1, 16, 'Malheureusement la défense adverse reste intraitable sur cette rencontre'                  , '2023-06-28 13:25:00.000000', '2023-06-28 13:25:00.000000'),
    (1, 16, 'Fin du temps règlementaire, les chaussettes de Boston ont réussi à déjouer les Dinos'      , '2023-06-28 14:00:00.000000', '2023-06-28 14:00:00.000000'),

    (2,  5, 'Le match commence. C\'est seulement la 2nd rencontre de ce Superbowl.'                     , '2023-06-28 15:01:00.000000', '2023-06-28 15:01:00.000000'),
    (2,  5, 'Coup d\'envoi'                                                                             , '2023-06-28 15:02:00.000000', '2023-06-28 15:02:00.000000'),
    (2,  5, 'Superbe départ des Canniches vaudous'                                                      , '2023-06-28 15:08:00.000000', '2023-06-28 15:08:00.000000'),
    (2,  5, 'Belle action collective ici !'                                                             , '2023-06-28 15:11:00.000000', '2023-06-28 15:11:00.000000'),
    (2,  5, 'Woahou quel blocage de l\'offensive guard'                                                 , '2023-06-28 15:11:25.000000', '2023-06-28 15:11:25.000000'),
    (2,  5, 'Touch down, il fallait s\'y attendre après une telle contre-offensive'                     , '2023-06-28 15:12:00.000000', '2023-06-28 15:12:00.000000'),
    (2,  5, 'Désormais, une belle offensive des Sirènes poilues'                                        , '2023-06-28 15:15:00.000000', '2023-06-28 15:15:00.000000'),
    (2,  5, 'Et cette tactique paie, avec une nette domination des Canniches'                           , '2023-06-28 15:18:00.000000', '2023-06-28 15:18:00.000000'),
    (2,  5, 'Fin du temps règlementaire, les Sirènes poilues l\'emportent sur les Canniches vaudous'    , '2023-06-28 16:00:00.000000', '2023-06-28 16:00:00.000000'),

    (3, 16, 'Le match commence. C\'est seulement la 3eme rencontre de ce Superbowl.'                    , '2023-06-28 17:01:00.000000', '2023-06-28 17:01:00.000000'),
    (3, 16, 'Coup d\'envoi'                                                                             , '2023-06-28 17:02:00.000000', '2023-06-28 17:02:00.000000'),
    (3, 16, 'Superbe départ des Castors Farcis'                                                         , '2023-06-28 17:08:00.000000', '2023-06-28 17:08:00.000000'),
    (3, 16, 'Belle action collective ici !'                                                             , '2023-06-28 17:11:00.000000', '2023-06-28 17:11:00.000000'),
    (3, 16, 'Woahou quel blocage de l\'offensive guard'                                                 , '2023-06-28 17:11:25.000000', '2023-06-28 17:11:25.000000'),
    (3, 16, 'Touch down, il fallait s\'y attendre après une telle contre-offensive'                     , '2023-06-28 17:12:00.000000', '2023-06-28 17:12:00.000000'),
    (3, 16, 'Désormais, une belle offensive des Framboises maudites'                                    , '2023-06-28 17:15:00.000000', '2023-06-28 17:15:00.000000'),
    (3, 16, 'Et cette tactique paie, avec une nette domination des Castors'                             , '2023-06-28 17:18:00.000000', '2023-06-28 17:18:00.000000'),
    (3, 16, 'Fin du temps règlementaire, ce match se solde par un frustrant ex-aequo.'                  , '2023-06-28 18:00:00.000000', '2023-06-28 18:00:00.000000'),

    (4,  5, 'Le match commence. C\'est seulement la 4eme rencontre de ce Superbowl.'                    , '2023-06-28 19:01:00.000000', '2023-06-28 19:01:00.000000'),
    (4,  5, 'Coup d\'envoi'                                                                             , '2023-06-28 19:02:00.000000', '2023-06-28 19:02:00.000000'),
    (4,  5, 'Superbe départ de la Nouvelle équipe'                                                      , '2023-06-28 19:08:00.000000', '2023-06-28 19:08:00.000000'),
    (4,  5, 'Belle action collective ici !'                                                             , '2023-06-28 19:11:00.000000', '2023-06-28 19:11:00.000000'),
    (4,  5, 'Woahou quel blocage de l\'offensive guard'                                                 , '2023-06-28 19:11:25.000000', '2023-06-28 19:11:25.000000'),
    (4,  5, 'Touch down, il fallait s\'y attendre après une telle contre-offensive'                     , '2023-06-28 19:12:00.000000', '2023-06-28 19:12:00.000000'),
    (4,  5, 'Désormais, une belle offensive de la New Team'                                             , '2023-06-28 19:15:00.000000', '2023-06-28 19:15:00.000000'),
    (4,  5, 'Mais ce ne sera pas suffisant, vu la nette domination de la Nouvelle équipe'               , '2023-06-28 19:18:00.000000', '2023-06-28 19:18:00.000000'),
    (4,  5, 'Fin du temps règlementaire, Nouvelle équipe l\'emporte sur New Team'                       , '2023-06-28 20:00:00.000000', '2023-06-28 20:00:00.000000')

;
